<Ui xmlns="http://www.blizzard.com/wow/ui/" xmlns:xsi="http://www.w3.org/2001/XMLSchema-instance" xsi:schemaLocation="http://www.blizzard.com/wow/ui/C:\Projects\WoW\Bin\Interface\FrameXML\UI.xsd">
	<Script file="localization.lua"/>
	<Script file="TargetDistance.lua"/>
	<Frame name="TargetDistanceFrame" frameStrata="HIGH" toplevel="true" enableMouse="false" movable="false" parent="TargetFrame">
		<Size>
			<AbsDimension x="126" y="26"/>
		</Size>
		<Anchors>
			<Anchor point="TOP" relativeTo="TargetFrame" relativePoint="TOP">
				<Offset>
					<AbsDimension x="-34" y="8"/>
				</Offset>
			</Anchor>
		</Anchors>
		<TitleRegion setAllPoints="true"/>
		<Layers>
			<Layer level="ARTWORK">
				<Texture file="Interface\Tooltips\UI-StatusBar-Border"/>
			</Layer>
		</Layers>
		<Frames>
			<Button name="TargetDistanceTextButton">
				<Size>
					<AbsDimension x="126" y="8"/>
				</Size>
				<Anchors>
					<Anchor point="TOPLEFT">
						<Offset>
							<AbsDimension x="0" y="-8"/>
						</Offset>
					</Anchor>
				</Anchors>
				<Layers>
					<Layer level="BACKGROUND">
						<FontString name="TargetDistanceText" inherits="GameFontNormal" wraponspaces="true">
							<Size>
								<AbsDimension x="126" y="12"/>
							</Size>
							<Anchors>
								<Anchor point="TOP"/>
							</Anchors>
						</FontString>
					</Layer>
				</Layers>
			</Button>
		</Frames>
		<Scripts>
			<OnLoad>
				TargetDistance_OnLoad();
			</OnLoad>
			<OnUpdate>
				TargetDistance_OnUpdate(arg1);
			</OnUpdate>
			<OnEvent>
				TargetDistance_OnEvent();
			</OnEvent>
		</Scripts>
	</Frame>
</Ui>
