<Bindings>
	<!-- User interface key bindings -->
	<Binding name="MOVEFORWARD" description="Move forward" runOnUp="true" header="1">
		if ( keystate == "down" ) then
			MoveForwardStart(arg1);
		else
			MoveForwardStop(arg1);
		end
	</Binding>
	<Binding name="MOVEBACKWARD" description="Move backward" runOnUp="true">
		if ( keystate == "down" ) then
			MoveBackwardStart(arg1);
		else
			MoveBackwardStop(arg1);
		end
	</Binding>
	<Binding name="TURNLEFT" description="Turn left" runOnUp="true">
		if ( keystate == "down" ) then
			TurnLeftStart(arg1);
		else
			TurnLeftStop(arg1);
		end
	</Binding>
	<Binding name="TURNRIGHT" description="Turn right" runOnUp="true">
		if ( keystate == "down" ) then
			TurnRightStart(arg1);
		else
			TurnRightStop(arg1);
		end
	</Binding>
	<Binding name="STRAFELEFT" description="Strafe left" runOnUp="true">
		if ( keystate == "down" ) then
			StrafeLeftStart(arg1);
		else
			StrafeLeftStop(arg1);
		end
	</Binding>
	<Binding name="STRAFERIGHT" description="Strafe right" runOnUp="true">
		if ( keystate == "down" ) then
			StrafeRightStart(arg1);
		else
			StrafeRightStop(arg1);
		end
	</Binding>
	<Binding name="JUMP" description="Jump">
		Jump();
	</Binding>
	<Binding name="SITORSTAND" description="Toggle sit/stand">
		SitOrStand();
	</Binding>
	<Binding name="TOGGLESHEATH" description="Sheathe/Unsheathe your weapon">
		ToggleSheath();
	</Binding>
	<Binding name="TOGGLEAUTORUN" description="Toggle autorun on/off">
		ToggleAutoRun();
	</Binding>
		<Binding name="PITCHUP" description="Pitch heading up when swimming/flying" runOnUp="true">
		if ( keystate == "down" ) then
			PitchUpStart(arg1);
		else
			PitchUpStop(arg1);
		end
	</Binding>
	<Binding name="PITCHDOWN" description="Pitch heading down when swimming/flying" runOnUp="true">
		if ( keystate == "down" ) then
			PitchDownStart(arg1);
		else
			PitchDownStop(arg1);
		end
	</Binding>
	<Binding name="TOGGLERUN" description="Toggle between running and walking">
		ToggleRun(arg1);
	</Binding>
	<Binding name="FOLLOWTARGET" description="Follow selected target">
		FollowUnit("target");
	</Binding>
	<!-- Chat frame bindings -->
	<Binding name="OPENCHAT" description="Bring up chat box" header="2">
		ChatFrame_OpenChat("");
	</Binding>
	<Binding name="OPENCHATSLASH" description="Bring up chat box with slash">
		ChatFrame_OpenChat("/");
	</Binding>
	<Binding name="CHATPAGEUP" description="Scroll chat pane up one page">
		ChatFrame_ChatPageUp();
	</Binding>
	<Binding name="CHATPAGEDOWN" description="Scroll chat pane down one page">
		ChatFrame_ChatPageDown();
	</Binding>
	<Binding name="CHATBOTTOM" description="Scroll chat pane down one page">
		ChatFrame_ScrollToBottom();
	</Binding>
	<Binding name="COMBATLOGPAGEUP" description="Scroll chat pane up one page">
		CombatLog_ScrollUp();
	</Binding>
	<Binding name="COMBATLOGPAGEDOWN" description="Scroll chat pane down one page">
		CombatLog_ScrollDown();
	</Binding>
	<Binding name="COMBATLOGBOTTOM" description="Scroll chat pane down one page">
		CombatLog_ScrollToBottom();
	</Binding>
	<Binding name="REPLY" description="Reply to last player to send you a tell">
		ChatFrame_ReplyTell();
	</Binding>
	<!-- Action bar bindings -->
	<Binding name="ACTIONBUTTON1" description="Trigger action button 1" runOnUp="true" header="3">
		if ( keystate == "down" ) then
			ActionButtonDown(1);
		else
			ActionButtonUp(1);
		end
	</Binding>
	<Binding name="ACTIONBUTTON2" description="Trigger action button 2" runOnUp="true">
		if ( keystate == "down" ) then
			ActionButtonDown(2);
		else
			ActionButtonUp(2);
		end
	</Binding>
	<Binding name="ACTIONBUTTON3" description="Trigger action button 3" runOnUp="true">
		if ( keystate == "down" ) then
			ActionButtonDown(3);
		else
			ActionButtonUp(3);
		end
	</Binding>
	<Binding name="ACTIONBUTTON4" description="Trigger action button 4" runOnUp="true">
		if ( keystate == "down" ) then
			ActionButtonDown(4);
		else
			ActionButtonUp(4);
		end
	</Binding>
	<Binding name="ACTIONBUTTON5" description="Trigger action button 5" runOnUp="true">
		if ( keystate == "down" ) then
			ActionButtonDown(5);
		else
			ActionButtonUp(5);
		end
	</Binding>
	<Binding name="ACTIONBUTTON6" description="Trigger action button 6" runOnUp="true">
		if ( keystate == "down" ) then
			ActionButtonDown(6);
		else
			ActionButtonUp(6);
		end
	</Binding>
	<Binding name="ACTIONBUTTON7" description="Trigger action button 7" runOnUp="true">
		if ( keystate == "down" ) then
			ActionButtonDown(7);
		else
			ActionButtonUp(7);
		end
	</Binding>
	<Binding name="ACTIONBUTTON8" description="Trigger action button 8" runOnUp="true">
		if ( keystate == "down" ) then
			ActionButtonDown(8);
		else
			ActionButtonUp(8);
		end
	</Binding>
	<Binding name="ACTIONBUTTON9" description="Trigger action button 9" runOnUp="true">
		if ( keystate == "down" ) then
			ActionButtonDown(9);
		else
			ActionButtonUp(9);
		end
	</Binding>
	<Binding name="ACTIONBUTTON10" description="Trigger action button 10" runOnUp="true">
		if ( keystate == "down" ) then
			ActionButtonDown(10);
		else
			ActionButtonUp(10);
		end
	</Binding>
	<Binding name="ACTIONBUTTON11" description="Trigger action button 11" runOnUp="true">
		if ( keystate == "down" ) then
			ActionButtonDown(11);
		else
			ActionButtonUp(11);
		end
	</Binding>
	<Binding name="ACTIONBUTTON12" description="Trigger action button 12" runOnUp="true">
		if ( keystate == "down" ) then
			ActionButtonDown(12);
		else
			ActionButtonUp(12);
		end
	</Binding>
	
	<Binding name="SHAPESHIFTBUTTON1" description="Trigger shapeshift button 1">
		ShapeshiftBar_ChangeForm(1)
	</Binding>
	<Binding name="SHAPESHIFTBUTTON2" description="Trigger shapeshift button 2">
		ShapeshiftBar_ChangeForm(2)
	</Binding>
	<Binding name="SHAPESHIFTBUTTON3" description="Trigger shapeshift button 3">
		ShapeshiftBar_ChangeForm(3)
	</Binding>
	<Binding name="SHAPESHIFTBUTTON4" description="Trigger shapeshift button 4">
		ShapeshiftBar_ChangeForm(4)
	</Binding>

	<Binding name="BONUSACTIONBUTTON1" description="Trigger action button 1" runOnUp="true">
		if ( keystate == "down" ) then
			BonusActionButtonDown(1);
		else
			BonusActionButtonUp(1);
		end
	</Binding>
	<Binding name="BONUSACTIONBUTTON2" description="Trigger pet action button 2" runOnUp="true">
		if ( keystate == "down" ) then
			BonusActionButtonDown(2);
		else
			BonusActionButtonUp(2);
		end
	</Binding>
	<Binding name="BONUSACTIONBUTTON3" description="Trigger pet action button 3" runOnUp="true">
		if ( keystate == "down" ) then
			BonusActionButtonDown(3);
		else
			BonusActionButtonUp(3);
		end
	</Binding>
	<Binding name="BONUSACTIONBUTTON4" description="Trigger pet action button 4" runOnUp="true">
		if ( keystate == "down" ) then
			BonusActionButtonDown(4);
		else
			BonusActionButtonUp(4);
		end
	</Binding>
	<Binding name="BONUSACTIONBUTTON5" description="Trigger pet action button 5" runOnUp="true">
		if ( keystate == "down" ) then
			BonusActionButtonDown(5);
		else
			BonusActionButtonUp(5);
		end
	</Binding>
	<Binding name="BONUSACTIONBUTTON6" description="Trigger pet action button 6" runOnUp="true">
		if ( keystate == "down" ) then
			BonusActionButtonDown(6);
		else
			BonusActionButtonUp(6);
		end
	</Binding>
	<Binding name="BONUSACTIONBUTTON7" description="Trigger pet action button 7" runOnUp="true">
		if ( keystate == "down" ) then
			BonusActionButtonDown(7);
		else
			BonusActionButtonUp(7);
		end
	</Binding>
	<Binding name="BONUSACTIONBUTTON8" description="Trigger pet action button 8" runOnUp="true">
		if ( keystate == "down" ) then
			BonusActionButtonDown(8);
		else
			BonusActionButtonUp(8);
		end
	</Binding>
	<Binding name="BONUSACTIONBUTTON9" description="Trigger pet action button 9" runOnUp="true">
		if ( keystate == "down" ) then
			BonusActionButtonDown(9);
		else
			BonusActionButtonUp(9);
		end
	</Binding>
	<Binding name="BONUSACTIONBUTTON10" description="Trigger pet action button 10" runOnUp="true">
		if ( keystate == "down" ) then
			BonusActionButtonDown(10);
		else
			BonusActionButtonUp(10);
		end
	</Binding>
	<Binding name="ACTIONPAGE1" description="Change actionbar to page 1">
		if ( CURRENT_ACTIONBAR_PAGE ~= 1 ) then
			CURRENT_ACTIONBAR_PAGE = 1;
			ChangeActionBarPage();
		end
	</Binding>
	<Binding name="ACTIONPAGE2" description="Change actionbar to page 2">
		if ( CURRENT_ACTIONBAR_PAGE ~= 2 ) then
			CURRENT_ACTIONBAR_PAGE = 2;
			ChangeActionBarPage();
		end
	</Binding>
	<Binding name="ACTIONPAGE3" description="Change actionbar to page 3">
		if ( CURRENT_ACTIONBAR_PAGE ~= 3 ) then
			CURRENT_ACTIONBAR_PAGE = 3;
			ChangeActionBarPage();
		end
	</Binding>
	<Binding name="ACTIONPAGE4" description="Change actionbar to page 4">
		if ( CURRENT_ACTIONBAR_PAGE ~= 4 ) then
			CURRENT_ACTIONBAR_PAGE = 4;
			ChangeActionBarPage();
		end
	</Binding>
	<Binding name="ACTIONPAGE5" description="Change actionbar to page 5">
		if ( CURRENT_ACTIONBAR_PAGE ~= 5 ) then
			CURRENT_ACTIONBAR_PAGE = 5;
			ChangeActionBarPage();
		end
	</Binding>
	<Binding name="ACTIONPAGE6" description="Change actionbar to page 6">
		if ( CURRENT_ACTIONBAR_PAGE ~= 6 ) then
			CURRENT_ACTIONBAR_PAGE = 6;
			ChangeActionBarPage();
		end
	</Binding>
	<Binding name="PREVIOUSACTIONPAGE">
		ActionBar_PageDown();
	</Binding>
	<Binding name="NEXTACTIONPAGE">
		ActionBar_PageUp();
	</Binding>
	<!-- Target function key bindings -->
	<Binding name="TARGETNEARESTENEMY" description="Target the nearest enemy, repeat to cycle" header="4">
		TargetNearestEnemy();
	</Binding>
	<Binding name="TARGETPREVIOUSENEMY" description="Target the nearest enemy, repeat to cycle">
		TargetNearestEnemy(1);	-- 1 (or "true") means reverse!
	</Binding>
	<Binding name="TARGETSELF" description="Target yourself">
		TargetUnit("player");
	</Binding>
	<Binding name="TARGETPARTYMEMBER1" description="Target party member 1">
		TargetUnit("party1");
	</Binding>
	<Binding name="TARGETPARTYMEMBER2" description="Target party member 2">
		TargetUnit("party2");
	</Binding>
	<Binding name="TARGETPARTYMEMBER3" description="Target party member 3">
		TargetUnit("party3");
	</Binding>
	<Binding name="TARGETPARTYMEMBER4" description="Target party member 4">
		TargetUnit("party4");
	</Binding>
	<Binding name="TARGETPET" description="Target your pet">
		TargetUnitsPet("player");
	</Binding>
	<Binding name="TARGETPARTYPET1" description="Target party member 1's pet">
		TargetUnitsPet("party1");
	</Binding>
	<Binding name="TARGETPARTYPET2" description="Target party member 2's pet">
		TargetUnitsPet("party2");
	</Binding>
	<Binding name="TARGETPARTYPET3" description="Target party member 3's pet">
		TargetUnitsPet("party3");
	</Binding>
	<Binding name="TARGETPARTYPET4" description="Target party member 4's pet">
		TargetUnitsPet("party4");
	</Binding>
	<Binding name="TARGETLASTHOSTILE">
		TargetLastEnemy();
	</Binding>
	<Binding name="ASSISTTARGET" description="Target your target's target">
		AssistUnit("target");
	</Binding>
	<Binding name="NAMEPLATES" description="Show targeting nameplates">
		if ( NAMEPLATES_ON ) then
			HideNameplates();
			NAMEPLATES_ON = nil;
		else
			ShowNameplates();
			NAMEPLATES_ON = 1;
		end
	</Binding>
	<Binding name="ATTACKTARGET">
		AttackTarget();
	</Binding>
	<Binding name="PETATTACK" description="Tell pet to attack target">
		PetAttack();
	</Binding>	
	<!-- UI Panels -->
	<Binding name="TOGGLECHARACTER0" description="Toggle the character info panel" header="5">
		ToggleCharacter("PaperDollFrame");
	</Binding>
	<Binding name="TOGGLEBACKPACK" description="Toggle the backpack">
		ToggleBackpack();
	</Binding>
	<Binding name="TOGGLEBAG1" description="Open bag in slot 1">
		ToggleBag(4);
	</Binding>
	<Binding name="TOGGLEBAG2" description="Open bag in slot 2">
		ToggleBag(3);
	</Binding>
	<Binding name="TOGGLEBAG3" description="Open bag in slot 3">
		ToggleBag(2);
	</Binding>
	<Binding name="TOGGLEBAG4" description="Open bag in slot 4">
		ToggleBag(1);
	</Binding>
	<Binding name="OPENALLBAGS" description="Open all equipped bags">
		OpenAllBags();
	</Binding>
	<Binding name="TOGGLESPELLBOOK" description="Toggle the spellbook">
		ToggleSpellBook(BOOKTYPE_SPELL);
	</Binding>
	<Binding name="TOGGLEABILITYBOOK" description="Toggle the ability book">
		ToggleSpellBook(BOOKTYPE_ABILITY);
	</Binding>
	<Binding name="TOGGLEPETBOOK" description="Toggle the pet book">
		ToggleSpellBook(BOOKTYPE_PET);
	</Binding>
	<Binding name="TOGGLETALENTS" description="Open trainer UI">
		ToggleCharacter("TalentTrainerFrame");
	</Binding>
	<Binding name="TOGGLECHARACTER2" description="Toggle the character reputation panel">
		ToggleCharacter("ReputationFrame");
	</Binding>
	<Binding name="TOGGLECHARACTER1" description="Toggle the character skills panel">
		ToggleCharacter("SkillFrame");
	</Binding>
	<Binding name="TOGGLESOCIAL" description="Toggle the friends frame">
		ToggleFriendsFrame();
	</Binding>
		<Binding name="TOGGLEQUESTLOG" description="Toggle the quest log">
		ToggleQuestLog();
	</Binding>
	<Binding name="TOGGLECOMBATLOG" description="Toggle the combat log">
		ToggleCombatLog();
	</Binding>
	<Binding name="TOGGLEGAMEMENU" description="Toggle the game menu">
		ToggleGameMenu();
	</Binding>
	<Binding name="TOGGLEMINIMAP" description="Toggle the minimap">
		ToggleMinimap();
	</Binding>
	<Binding name="TOGGLEWORLDMAP" description="Open the worldmap">
		ToggleWorldMap();
	</Binding>
	<!-- Misc -->
	<Binding name="SCREENSHOT" description="Take a screenshot" header="6">
		TakeScreenshot();
	</Binding>
	<Binding name="MINIMAPZOOMIN">
		Minimap_ZoomIn();
	</Binding>
	<Binding name="MINIMAPZOOMOUT">
		Minimap_ZoomOut();
	</Binding>
	<Binding name="TOGGLEMUSIC">
		SoundOptionsFrame_ToggleMusic();
	</Binding>
	<Binding name="TOGGLESOUND">
		SoundOptionsFrame_ToggleSound();
	</Binding>
	<Binding name="MASTERVOLUMEUP">
		SoundOptionsFrame_MasterVolumeUp();
	</Binding>
	<Binding name="MASTERVOLUMEDOWN">
		SoundOptionsFrame_MasterVolumeDown();
	</Binding>
	<Binding name="TOGGLEUI" description="Toggle the interface on and off">
		if ( UIParent:IsVisible() ) then
			CloseAllWindows();
			UIParent:Hide();
		else
			UIParent:Show();
		end
	</Binding>
	<!-- Camera key bindings -->
	<Binding name="NEXTVIEW" description="Switch to the next camera view" header="7">
		NextView();
	</Binding>
	<Binding name="PREVVIEW" description="Switch to the previous camera view">
		PrevView();
	</Binding>
	<Binding name="CAMERAZOOMIN" description="Zoom the camera a little bit in">
			CameraZoomIn(arg1, 1.0);
	</Binding>
	<Binding name="CAMERAZOOMOUT" description="Zoom the camera a little bit out">
			CameraZoomOut(arg1, 1.0);
	</Binding>
	<!-- 
	<Binding name="MOVEVIEWIN" description="Zoom the camera closer to the player" runOnUp="true">
		if ( keystate == "down" ) then
			MoveViewInStart(arg1);
		else
			MoveViewInStop(arg1);
		end
	</Binding>
	<Binding name="MOVEVIEWOUT" description="Zoom the camera away from the player" runOnUp="true">
		if ( keystate == "down" ) then
			MoveViewOutStart(arg1);
		else
			MoveViewOutStop(arg1);
		end
	</Binding>
	<Binding name="MOVEVIEWLEFT" description="Rotate the camera left" runOnUp="true">
		if ( keystate == "down" ) then
			MoveViewLeftStart(arg1);
		else
			MoveViewLeftStop(arg1);
		end
	</Binding>
	<Binding name="MOVEVIEWRIGHT" description="Rotate the camera right" runOnUp="true">
		if ( keystate == "down" ) then
			MoveViewRightStart(arg1);
		else
			MoveViewRightStop(arg1);
		end
	</Binding>
	<Binding name="MOVEVIEWUP" description="Raise the camera" runOnUp="true">
		if ( keystate == "down" ) then
			MoveViewUpStart(arg1);
		else
			MoveViewUpStop(arg1);
		end
	</Binding>
	<Binding name="MOVEVIEWDOWN" description="Lower the camera" runOnUp="true">
		if ( keystate == "down" ) then
			MoveViewDownStart(arg1);
		else
			MoveViewDownStop(arg1);
		end
	</Binding>
	-->
	<Binding name="SETVIEW1" description="Set camera view to first person mode">
		SetView(1);
	</Binding>
	<Binding name="SETVIEW2" description="Set the camera to the view on slot 2">
		SetView(2);
	</Binding>
	<Binding name="SETVIEW3" description="Set the camera to the view on slot 3">
		SetView(3);
	</Binding>
	<Binding name="SETVIEW4" description="Set the camera to the view on slot 4">
		SetView(4);
	</Binding>
	<Binding name="SETVIEW5" description="Set the camera to the view on slot 5">
		SetView(5);
	</Binding>
	<Binding name="SAVEVIEW2" description="Save the current camera view on slot 2">
		SaveView(2);
	</Binding>
	<Binding name="SAVEVIEW3" description="Save the current camera view on slot 3">
		SaveView(3);
	</Binding>
	<Binding name="SAVEVIEW4" description="Save the current camera view on slot 4">
		SaveView(4);
	</Binding>
	<Binding name="SAVEVIEW5" description="Save the current camera view on slot 5">
		SaveView(5);
	</Binding>
	<Binding name="RESETVIEW2" description="Reset the camera view on slot 2">
		ResetView(2);
	</Binding>
	<Binding name="RESETVIEW3" description="Reset the camera view on slot 3">
		ResetView(3);
	</Binding>
	<Binding name="RESETVIEW4" description="Reset the camera view on slot 4">
		ResetView(4);
	</Binding>
	<Binding name="RESETVIEW5" description="Reset the camera view on slot 5">
		ResetView(5);
	</Binding>
		
	<!-- Debug function key bindings -->
	<Binding name="TOGGLEFPS" description="Toggles FPS display" hidden="true">
		ToggleFramerate();
	</Binding>
	<Binding name="TOGGLESTATS" description="Toggles stats display" hidden="true">
		ToggleStats();
	</Binding>
	<Binding name="TOGGLETRIS" description="Toggles showing triangles" hidden="true">
		ToggleTris();
	</Binding>
	<Binding name="TOGGLEPORTALS" description="Toggles showing portals" hidden="true">
		TogglePortals();
	</Binding>
	<Binding name="TOGGLECOLLISION" description="Toggles collision" hidden="true">
		ToggleCollision();
	</Binding>
	<Binding name="TOGGLECOLLISIONDISPLAY" description="Toggles displaying collision facets" hidden="true">
		ToggleCollisionDisplay();
	</Binding>
	<Binding name="TOGGLEPLAYERBOUNDS" description="Toggles player bounds" hidden="true">
		TogglePlayerBounds();
	</Binding>
	<Binding name="TOGGLEPERFORMANCEDISPLAY" description="Toggles performance statistics display" hidden="true">
		TogglePerformanceDisplay();
	</Binding>
	<Binding name="TOGGLEPERFORMANCEVALUES" description="Toggles performance statistics values" hidden="true">
		TogglePerformanceValues();
	</Binding>
	<Binding name="RESETPERFORMANCEVALUES" description="Reset performance statistics values" hidden="true">
		ResetPerformanceValues();
	</Binding>
	
	<!-- Hidden bindings -->
	<Binding name="TURNORACTION" description="Enable camera freelook when held down" runOnUp="true" hidden="true">
		if ( keystate == "down" ) then
			TurnOrActionStart(arg1);
		else
			TurnOrActionStop(arg1);
		end
	</Binding>
	<Binding name="CAMERAORSELECTORMOVE" description="Turn the character or select object" runOnUp="true" hidden="true">
		if ( keystate == "down" ) then
			CameraOrSelectOrMoveStart(arg1);
		else
			CameraOrSelectOrMoveStop(arg1);
		end
	</Binding>
	<Binding name="CAMERAORSELECTORMOVESTICKY" description="Change camera angle when held down" runOnUp="true" hidden="true">
		if ( keystate == "down" ) then
			CameraOrSelectOrMoveStart(arg1);
		else
			CameraOrSelectOrMoveStop(arg1, 1);
		end
	</Binding>
</Bindings>
