<!--

	Clock: a simple in-game clock window
		copyright 2004 by Telo

	- Displays the time in a small, movable window
	- Displays time-based character information in a tooltip on mouseover

-->

<Ui xmlns="http://www.blizzard.com/wow/ui/" xmlns:xsi="http://www.w3.org/2001/XMLSchema-instance" xsi:schemaLocation="http://www.blizzard.com/wow/ui/
C:\Projects\WoW\Bin\Interface\FrameXML\UI.xsd">
	<Script file ="localization.lua"/>
    <Script file="Clock.lua"/>
    <Frame name="ClockFrame" frameStrata="HIGH" toplevel="true" enableMouse="true" movable="true" parent="UIParent">
        <Size>
            <AbsDimension x="128" y="32"/>
        </Size>
        <Anchors>
            <Anchor point="TOP"/>
        </Anchors>
        <TitleRegion setAllPoints="true"/>
        <Layers>
            <Layer level="ARTWORK">
                <Texture file="Interface\Tooltips\UI-StatusBar-Border">
                </Texture>
            </Layer>
        </Layers>
        <Frames>
            <Button name="ClockTextButton">
                <Size>
                <AbsDimension x="128" y="12"/>
                </Size>
                <Anchors>
                    <Anchor point="TOPLEFT">
                        <Offset>
                            <AbsDimension x="0" y="-9"/>
                        </Offset>
                    </Anchor>
                </Anchors>
                <Layers>
                    <Layer level="BACKGROUND">
                    <FontString name="ClockText" inherits="GameFontNormal" wraponspaces="true">
                            <Size>
                                <AbsDimension x="128" y="12"/>
                            </Size>
                            <Anchors>
                                <Anchor point="TOP"/>
                            </Anchors>
                        </FontString>
                    </Layer>
                </Layers>
                <Scripts>
                    <OnEnter>
                        ClockText_OnEnter();
                    </OnEnter>
                    <OnLeave>
                        CosmosTooltip:Hide();
                    </OnLeave>
                </Scripts>
            </Button>
        </Frames>
        <Scripts>
            <OnLoad>
                Clock_OnLoad();
            </OnLoad>
            <OnUpdate>
                Clock_OnUpdate(arg1);
            </OnUpdate>
            <OnEvent>
                Clock_OnEvent();
            </OnEvent>
        </Scripts>
    </Frame>
</Ui>
